Loan_ID,Predicted_Status,Approval_Probability,Confidence_Level,Loan_ID,Gender,Married,Dependents,Education,Self_Employed,ApplicantIncome,CoapplicantIncome,LoanAmount,Loan_Amount_Term,Credit_History,Property_Area
LP001015,Y,0.9480331162839094,high,LP001015,Male,Yes,0,Graduate,No,5720,0,110.0,360.0,1.0,Urban
LP001022,Y,0.9569531292090612,high,LP001022,Male,Yes,1,Graduate,No,3076,1500,126.0,360.0,1.0,Urban
LP001031,Y,0.9613674258978597,high,LP001031,Male,Yes,2,Graduate,No,5000,1800,208.0,360.0,1.0,Urban
LP001035,Y,0.9549599339589249,high,LP001035,Male,Yes,2,Graduate,No,2340,2546,100.0,360.0,,Urban
LP001051,Y,0.8908109858054516,high,LP001051,Male,No,0,Not Graduate,No,3276,0,78.0,360.0,1.0,Urban
LP001054,Y,0.8657890764132414,high,LP001054,Male,Yes,0,Not Graduate,Yes,2165,3422,152.0,360.0,1.0,Urban
LP001055,Y,0.915216364308099,high,LP001055,Female,No,1,Not Graduate,No,2226,0,59.0,360.0,1.0,Semiurban
LP001056,N,0.003860439080846825,low,LP001056,Male,Yes,2,Not Graduate,No,3881,0,147.0,360.0,0.0,Rural
LP001059,Y,0.9217771928758308,high,LP001059,Male,Yes,2,Graduate,,13633,0,280.0,240.0,1.0,Urban
LP001067,Y,0.8981295685440422,high,LP001067,Male,No,0,Not Graduate,No,2400,2400,123.0,360.0,1.0,Semiurban
LP001078,Y,0.8881959308455659,high,LP001078,Male,No,0,Not Graduate,No,3091,0,90.0,360.0,1.0,Urban
LP001082,Y,0.9588330016739014,high,LP001082,Male,Yes,1,Graduate,,2185,1516,162.0,360.0,1.0,Semiurban
LP001083,Y,0.8771941596646645,high,LP001083,Male,No,3+,Graduate,No,4166,0,40.0,180.0,,Urban
LP001094,N,0.00697888988648678,low,LP001094,Male,Yes,2,Graduate,,12173,0,166.0,360.0,0.0,Semiurban
LP001096,Y,0.9438802305285747,high,LP001096,Female,No,0,Graduate,No,4666,0,124.0,360.0,1.0,Semiurban
LP001099,Y,0.933787843767162,high,LP001099,Male,No,1,Graduate,No,5667,0,131.0,360.0,1.0,Urban
LP001105,Y,0.9522024580510445,high,LP001105,Male,Yes,2,Graduate,No,4583,2916,200.0,360.0,1.0,Urban
LP001107,Y,0.9623539715755421,high,LP001107,Male,Yes,3+,Graduate,No,3786,333,126.0,360.0,1.0,Semiurban
LP001108,N,0.31105814274991705,low,LP001108,Male,Yes,0,Graduate,No,9226,7916,300.0,360.0,1.0,Urban
LP001115,Y,0.8019920040303934,high,LP001115,Male,No,0,Graduate,No,1300,3470,100.0,180.0,1.0,Semiurban
LP001121,Y,0.9341004961112539,high,LP001121,Male,Yes,1,Not Graduate,No,1888,1620,48.0,360.0,1.0,Urban
LP001124,Y,0.8245175786957109,high,LP001124,Female,No,3+,Not Graduate,No,2083,0,28.0,180.0,1.0,Urban
LP001128,Y,0.9327031077246312,high,LP001128,,No,0,Graduate,No,3909,0,101.0,360.0,1.0,Urban
LP001135,Y,0.8983356953729327,high,LP001135,Female,No,0,Not Graduate,No,3765,0,125.0,360.0,1.0,Urban
LP001149,Y,0.9237408474338945,high,LP001149,Male,Yes,0,Graduate,No,5400,4380,290.0,360.0,1.0,Urban
LP001153,N,1.784522655946143e-24,low,LP001153,Male,No,0,Graduate,No,0,24000,148.0,360.0,0.0,Rural
LP001163,Y,0.9600065678311035,high,LP001163,Male,Yes,2,Graduate,No,4363,1250,140.0,360.0,,Urban
LP001169,Y,0.9389447366011173,high,LP001169,Male,Yes,0,Graduate,No,7500,3750,275.0,360.0,1.0,Urban
LP001174,Y,0.962042649230169,high,LP001174,Male,Yes,0,Graduate,No,3772,833,57.0,360.0,,Semiurban
LP001176,Y,0.8410028152185625,high,LP001176,Male,No,0,Graduate,No,2942,2382,125.0,180.0,1.0,Urban
LP001177,Y,0.9091154042403701,high,LP001177,Female,No,0,Not Graduate,No,2478,0,75.0,360.0,1.0,Semiurban
LP001183,Y,0.9596335124470746,high,LP001183,Male,Yes,2,Graduate,No,6250,820,192.0,360.0,1.0,Urban
LP001185,Y,0.9446239809184187,high,LP001185,Male,No,0,Graduate,No,3268,1683,152.0,360.0,1.0,Semiurban
LP001187,Y,0.9467507424498883,high,LP001187,Male,Yes,0,Graduate,No,2783,2708,158.0,360.0,1.0,Urban
LP001190,Y,0.9559416307411366,high,LP001190,Male,Yes,0,Graduate,No,2740,1541,101.0,360.0,1.0,Urban
LP001203,N,0.005929280887987793,low,LP001203,Male,No,0,Graduate,No,3150,0,176.0,360.0,0.0,Semiurban
LP001208,Y,0.8156341222346568,high,LP001208,Male,Yes,2,Graduate,,7350,4029,185.0,180.0,1.0,Urban
LP001210,Y,0.9365081750787,high,LP001210,Male,Yes,0,Graduate,Yes,2267,2792,90.0,360.0,1.0,Urban
LP001211,Y,0.9175117567612425,high,LP001211,Male,No,0,Graduate,Yes,5833,0,116.0,360.0,1.0,Urban
LP001219,Y,0.9397592673665955,high,LP001219,Male,No,0,Graduate,No,3643,1963,138.0,360.0,1.0,Urban
LP001220,Y,0.9557455059997064,high,LP001220,Male,Yes,0,Graduate,No,5629,818,100.0,360.0,1.0,Urban
LP001221,Y,0.940141598831521,high,LP001221,Female,No,0,Graduate,No,3644,0,110.0,360.0,1.0,Urban
LP001226,Y,0.927123390406115,high,LP001226,Male,Yes,0,Not Graduate,No,1750,2024,90.0,360.0,1.0,Semiurban
LP001230,Y,0.9396295423154358,high,LP001230,Male,No,0,Graduate,No,6500,2600,200.0,360.0,1.0,Semiurban
LP001231,Y,0.9424041245494525,high,LP001231,Female,No,0,Graduate,No,3666,0,84.0,360.0,1.0,Urban
LP001232,Y,0.9224164676768938,high,LP001232,Male,Yes,0,Graduate,No,4260,3900,185.0,,,Urban
LP001237,Y,0.9244531857017103,high,LP001237,Male,Yes,,Not Graduate,No,4163,1475,162.0,360.0,1.0,Urban
LP001242,Y,0.9058510447441732,high,LP001242,Male,No,0,Not Graduate,No,2356,1902,108.0,360.0,1.0,Semiurban
LP001268,Y,0.9187222091514754,high,LP001268,Male,No,0,Graduate,No,6792,3338,187.0,,1.0,Urban
LP001270,Y,0.919396484614978,high,LP001270,Male,Yes,3+,Not Graduate,Yes,8000,250,187.0,360.0,1.0,Semiurban
LP001284,Y,0.9560671237187014,high,LP001284,Male,Yes,1,Graduate,No,2419,1707,124.0,360.0,1.0,Urban
LP001287,Y,0.9403481944146961,high,LP001287,,Yes,3+,Not Graduate,No,3500,833,120.0,360.0,1.0,Semiurban
LP001291,Y,0.9479100965166437,high,LP001291,Male,Yes,1,Graduate,No,3500,3077,160.0,360.0,1.0,Semiurban
LP001298,Y,0.9137888423065421,high,LP001298,Male,Yes,2,Graduate,No,4116,1000,30.0,180.0,1.0,Urban
LP001312,Y,0.8970435837694439,high,LP001312,Male,Yes,0,Not Graduate,Yes,5293,0,92.0,360.0,1.0,Urban
LP001313,N,0.005445421201497683,low,LP001313,Male,No,0,Graduate,No,2750,0,130.0,360.0,0.0,Urban
LP001317,Y,0.8798146578396855,high,LP001317,Female,No,0,Not Graduate,No,4402,0,130.0,360.0,1.0,Rural
LP001321,Y,0.8567644443532699,high,LP001321,Male,Yes,2,Graduate,No,3613,3539,134.0,180.0,1.0,Semiurban
LP001323,N,0.007336766018205286,low,LP001323,Female,Yes,2,Graduate,No,2779,3664,176.0,360.0,0.0,Semiurban
LP001324,Y,0.9002718252359602,high,LP001324,Male,Yes,3+,Graduate,No,4720,0,90.0,180.0,1.0,Semiurban
LP001332,Y,0.9282866896657463,high,LP001332,Male,Yes,0,Not Graduate,No,2415,1721,110.0,360.0,1.0,Semiurban
LP001335,Y,0.9392666524198111,high,LP001335,Male,Yes,0,Graduate,Yes,7016,292,125.0,360.0,1.0,Urban
LP001338,Y,0.9501475841685477,high,LP001338,Female,No,2,Graduate,No,4968,0,189.0,360.0,1.0,Semiurban
LP001347,N,0.006251239952246506,low,LP001347,Female,No,0,Graduate,No,2101,1500,108.0,360.0,0.0,Rural
LP001348,Y,0.9264415992841403,high,LP001348,Male,Yes,3+,Not Graduate,No,4490,0,125.0,360.0,1.0,Urban
LP001351,Y,0.9345516753327873,high,LP001351,Male,Yes,0,Graduate,No,2917,3583,138.0,360.0,1.0,Semiurban
LP001352,N,0.004532998367376468,low,LP001352,Male,Yes,0,Not Graduate,No,4700,0,135.0,360.0,0.0,Semiurban
LP001358,N,0.007857928177114129,low,LP001358,Male,Yes,0,Graduate,No,3445,0,130.0,360.0,0.0,Semiurban
LP001359,Y,0.949955616848283,high,LP001359,Male,Yes,0,Graduate,No,7666,0,187.0,360.0,1.0,Semiurban
LP001361,N,0.0019208160771527565,low,LP001361,Male,Yes,0,Graduate,No,2458,5105,188.0,360.0,0.0,Rural
LP001366,Y,0.9449411916524123,high,LP001366,Female,No,,Graduate,No,3250,0,95.0,360.0,1.0,Semiurban
LP001368,Y,0.9414841558675173,high,LP001368,Male,No,0,Graduate,No,4463,0,65.0,360.0,1.0,Semiurban
LP001375,Y,0.5406614018707191,medium,LP001375,Male,Yes,1,Graduate,,4083,1775,139.0,60.0,1.0,Urban
LP001380,Y,0.9381467031548163,high,LP001380,Male,Yes,0,Graduate,Yes,3900,2094,232.0,360.0,1.0,Rural
LP001386,Y,0.8924217587849437,high,LP001386,Male,Yes,0,Not Graduate,No,4750,3583,144.0,360.0,1.0,Semiurban
LP001400,Y,0.9147038868812121,high,LP001400,Male,No,0,Graduate,No,3583,3435,155.0,360.0,1.0,Urban
LP001407,Y,0.9516511722945451,high,LP001407,Male,Yes,0,Graduate,No,3189,2367,186.0,360.0,1.0,Urban
LP001413,Y,0.9124252463719544,high,LP001413,Male,No,0,Graduate,Yes,6356,0,50.0,360.0,1.0,Rural
LP001415,Y,0.9239741211667293,high,LP001415,Male,Yes,1,Graduate,No,3413,4053,,360.0,1.0,Semiurban
LP001419,Y,0.9525914085141887,high,LP001419,Female,Yes,0,Graduate,No,7950,0,185.0,360.0,1.0,Urban
LP001420,N,0.010704958986361358,low,LP001420,Male,Yes,3+,Graduate,No,3829,1103,163.0,360.0,0.0,Urban
LP001428,N,1.8148066275994465e-08,low,LP001428,Male,Yes,3+,Graduate,No,72529,0,360.0,360.0,1.0,Urban
LP001445,N,0.002198390785481844,low,LP001445,Male,Yes,2,Not Graduate,No,4136,0,149.0,480.0,0.0,Rural
LP001446,Y,0.9429898665227038,high,LP001446,Male,Yes,0,Graduate,No,8449,0,257.0,360.0,1.0,Rural
LP001450,N,0.0028938166856522507,low,LP001450,Male,Yes,0,Graduate,No,4456,0,131.0,180.0,0.0,Semiurban
LP001452,N,0.0988314604384886,low,LP001452,Male,Yes,2,Graduate,No,4635,8000,102.0,180.0,1.0,Rural
LP001455,Y,0.9541410514433066,high,LP001455,Male,Yes,0,Graduate,No,3571,1917,135.0,360.0,1.0,Urban
LP001466,Y,0.9369918693438397,high,LP001466,Male,No,0,Graduate,No,3066,0,95.0,360.0,1.0,Semiurban
LP001471,Y,0.9194305994217447,high,LP001471,Male,No,2,Not Graduate,No,3235,2015,77.0,360.0,1.0,Semiurban
LP001472,Y,0.9299556102451629,high,LP001472,Female,No,0,Graduate,,5058,0,200.0,360.0,1.0,Rural
LP001475,Y,0.92994842387393,high,LP001475,Male,Yes,0,Graduate,Yes,3188,2286,130.0,360.0,,Rural
LP001483,Y,0.9679296008585476,high,LP001483,Male,Yes,3+,Graduate,No,13518,0,390.0,360.0,1.0,Rural
LP001486,Y,0.9561795781297002,high,LP001486,Male,Yes,1,Graduate,No,4364,2500,185.0,360.0,1.0,Semiurban
LP001490,Y,0.9383219582037442,high,LP001490,Male,Yes,2,Not Graduate,No,4766,1646,100.0,360.0,1.0,Semiurban
LP001496,N,0.00920761648550162,low,LP001496,Male,Yes,1,Graduate,No,4609,2333,123.0,360.0,0.0,Semiurban
LP001499,Y,0.9650371708157701,high,LP001499,Female,Yes,3+,Graduate,No,6260,0,110.0,360.0,1.0,Semiurban
LP001500,Y,0.9242765098573498,high,LP001500,Male,Yes,1,Graduate,No,3333,4200,256.0,360.0,1.0,Urban
LP001501,Y,0.9425999735680949,high,LP001501,Male,Yes,0,Graduate,No,3500,3250,140.0,360.0,1.0,Semiurban
LP001517,Y,0.95692254672667,high,LP001517,Male,Yes,3+,Graduate,No,9719,0,61.0,360.0,1.0,Urban
LP001527,Y,0.959589550169226,high,LP001527,Male,Yes,3+,Graduate,No,6835,0,188.0,360.0,,Semiurban
LP001534,Y,0.9177891430175091,high,LP001534,Male,No,0,Graduate,No,4452,0,131.0,360.0,1.0,Rural
LP001542,N,0.005034013325793872,low,LP001542,Female,Yes,0,Graduate,No,2262,0,,480.0,0.0,Semiurban
LP001547,Y,0.9496347785012954,high,LP001547,Male,Yes,1,Graduate,No,3901,0,116.0,360.0,1.0,Urban
LP001548,Y,0.7939695920991846,high,LP001548,Male,Yes,2,Not Graduate,No,2687,0,50.0,180.0,1.0,Rural
LP001558,Y,0.9416580396795635,high,LP001558,Male,No,0,Graduate,No,2243,2233,107.0,360.0,,Semiurban
LP001561,Y,0.9646389905965143,high,LP001561,Female,Yes,0,Graduate,No,3417,1287,200.0,360.0,1.0,Semiurban
LP001563,N,0.006322638589607794,low,LP001563,,No,0,Graduate,No,1596,1760,119.0,360.0,0.0,Urban
LP001567,Y,0.9482975487592421,high,LP001567,Male,Yes,3+,Graduate,No,4513,0,120.0,360.0,1.0,Rural
LP001568,Y,0.9505528344479124,high,LP001568,Male,Yes,0,Graduate,No,4500,0,140.0,360.0,1.0,Semiurban
LP001573,Y,0.9247395831736496,high,LP001573,Male,Yes,0,Not Graduate,No,4523,1350,165.0,360.0,1.0,Urban
LP001584,Y,0.9330311377398296,high,LP001584,Female,No,0,Graduate,Yes,4742,0,108.0,360.0,1.0,Semiurban
LP001587,Y,0.9525567604636098,high,LP001587,Male,Yes,,Graduate,No,4082,0,93.0,360.0,1.0,Semiurban
LP001589,Y,0.9405426969823804,high,LP001589,Female,No,0,Graduate,No,3417,0,102.0,360.0,1.0,Urban
LP001591,Y,0.9523957646566976,high,LP001591,Female,Yes,2,Graduate,No,2922,3396,122.0,360.0,1.0,Semiurban
LP001599,Y,0.8560865081457989,high,LP001599,Male,Yes,0,Graduate,No,4167,4754,160.0,360.0,1.0,Rural
LP001601,Y,0.912237822471475,high,LP001601,Male,No,3+,Graduate,No,4243,4123,157.0,360.0,,Semiurban
LP001607,Y,0.9103155312165422,high,LP001607,Female,No,0,Not Graduate,No,0,1760,180.0,360.0,1.0,Semiurban
LP001611,N,0.006223145785122893,low,LP001611,Male,Yes,1,Graduate,No,1516,2900,80.0,,0.0,Rural
LP001613,N,0.006438409684781067,low,LP001613,Female,No,0,Graduate,No,1762,2666,104.0,360.0,0.0,Urban
LP001622,N,0.005160480022611802,low,LP001622,Male,Yes,2,Graduate,No,724,3510,213.0,360.0,0.0,Rural
LP001627,Y,0.9363670117309723,high,LP001627,Male,No,0,Graduate,No,3125,0,65.0,360.0,1.0,Urban
LP001650,Y,0.9073373649577431,high,LP001650,Male,Yes,0,Graduate,No,2333,3803,146.0,360.0,1.0,Rural
LP001651,Y,0.9630795813762004,high,LP001651,Male,Yes,3+,Graduate,No,3350,1560,135.0,360.0,1.0,Urban
LP001652,N,0.00048019187968531156,low,LP001652,Male,No,0,Graduate,No,2500,6414,187.0,360.0,0.0,Rural
LP001655,N,0.006826404480765133,low,LP001655,Female,No,0,Graduate,No,12500,0,300.0,360.0,0.0,Urban
LP001660,Y,0.9361819216290571,high,LP001660,Male,No,0,Graduate,No,4667,0,120.0,360.0,1.0,Semiurban
LP001662,N,0.006018633580003178,low,LP001662,Male,No,0,Graduate,No,6500,0,71.0,360.0,0.0,Urban
LP001663,Y,0.9547249817347793,high,LP001663,Male,Yes,2,Graduate,No,7500,0,225.0,360.0,1.0,Urban
LP001667,Y,0.8405085763459532,high,LP001667,Male,No,0,Graduate,No,3073,0,70.0,180.0,1.0,Urban
LP001695,Y,0.9344372091597455,high,LP001695,Male,Yes,1,Not Graduate,No,3321,2088,70.0,,1.0,Semiurban
LP001703,Y,0.9553744035484548,high,LP001703,Male,Yes,0,Graduate,No,3333,1270,124.0,360.0,1.0,Urban
LP001718,Y,0.9169005456096408,high,LP001718,Male,No,0,Graduate,No,3391,0,132.0,360.0,1.0,Rural
LP001728,Y,0.9388807127754588,high,LP001728,Male,Yes,1,Graduate,Yes,3343,1517,105.0,360.0,1.0,Rural
LP001735,Y,0.9440971797769767,high,LP001735,Female,No,1,Graduate,No,3620,0,90.0,360.0,1.0,Urban
LP001737,Y,0.5477366594993395,medium,LP001737,Male,No,0,Graduate,No,4000,0,83.0,84.0,1.0,Urban
LP001739,Y,0.9472894293840081,high,LP001739,Male,Yes,0,Graduate,No,4258,0,125.0,360.0,1.0,Urban
LP001742,Y,0.942808802679858,high,LP001742,Male,Yes,2,Graduate,No,4500,0,147.0,360.0,1.0,Rural
LP001757,Y,0.9348762075769453,high,LP001757,Male,Yes,1,Graduate,No,2014,2925,120.0,360.0,1.0,Rural
LP001769,Y,0.9462230904865764,high,LP001769,,No,,Graduate,No,3333,1250,110.0,360.0,1.0,Semiurban
LP001771,Y,0.9546457683413979,high,LP001771,Female,No,3+,Graduate,No,4083,0,103.0,360.0,,Semiurban
LP001785,N,0.004587799316928481,low,LP001785,Male,No,0,Graduate,No,4727,0,150.0,360.0,0.0,Rural
LP001787,Y,0.9187319880617643,high,LP001787,Male,Yes,3+,Graduate,No,3089,2999,100.0,240.0,1.0,Rural
LP001789,N,0.005703741031434422,low,LP001789,Male,Yes,3+,Not Graduate,,6794,528,139.0,360.0,0.0,Urban
LP001791,Y,0.8418593231131939,high,LP001791,Male,Yes,0,Graduate,Yes,32000,0,550.0,360.0,,Semiurban
LP001794,N,0.20378953808385966,low,LP001794,Male,Yes,2,Graduate,Yes,10890,0,260.0,12.0,1.0,Rural
LP001797,Y,0.913280432393532,high,LP001797,Female,No,0,Graduate,No,12941,0,150.0,300.0,1.0,Urban
LP001815,Y,0.8955998580862375,high,LP001815,Male,No,0,Not Graduate,No,3276,0,90.0,360.0,1.0,Semiurban
LP001817,N,0.0020776933889226656,low,LP001817,Male,No,0,Not Graduate,Yes,8703,0,199.0,360.0,0.0,Rural
LP001818,Y,0.9586548139717884,high,LP001818,Male,Yes,1,Graduate,No,4742,717,139.0,360.0,1.0,Semiurban
LP001822,Y,0.9306064886328421,high,LP001822,Male,No,0,Graduate,No,5900,0,150.0,360.0,1.0,Urban
LP001827,Y,0.8763283044038371,high,LP001827,Male,No,0,Graduate,No,3071,4309,180.0,360.0,1.0,Urban
LP001831,Y,0.9554119629273715,high,LP001831,Male,Yes,0,Graduate,No,2783,1456,113.0,360.0,1.0,Urban
LP001842,Y,0.9175136000982254,high,LP001842,Male,No,0,Graduate,No,5000,0,148.0,360.0,1.0,Rural
LP001853,N,0.004751637550541389,low,LP001853,Male,Yes,1,Not Graduate,No,2463,2360,117.0,360.0,0.0,Urban
LP001855,Y,0.9475108849490101,high,LP001855,Male,Yes,2,Graduate,No,4855,0,72.0,360.0,1.0,Rural
LP001857,Y,0.8633259947457986,high,LP001857,Male,No,0,Not Graduate,Yes,1599,2474,125.0,300.0,1.0,Semiurban
LP001862,Y,0.9042973826037312,high,LP001862,Male,Yes,2,Graduate,Yes,4246,4246,214.0,360.0,1.0,Urban
LP001867,Y,0.9428996461991899,high,LP001867,Male,Yes,0,Graduate,No,4333,2291,133.0,350.0,1.0,Rural
LP001878,Y,0.94240475205088,high,LP001878,Male,No,1,Graduate,No,5823,2529,187.0,360.0,1.0,Semiurban
LP001881,Y,0.8900719131189546,high,LP001881,Male,Yes,0,Not Graduate,No,7895,0,143.0,360.0,1.0,Rural
LP001886,Y,0.8641040415674778,high,LP001886,Male,No,0,Graduate,No,4150,4256,209.0,360.0,1.0,Rural
LP001906,N,0.006235758901516771,low,LP001906,Male,No,0,Graduate,,2964,0,84.0,360.0,0.0,Semiurban
LP001909,Y,0.9318321889333361,high,LP001909,Male,No,0,Graduate,No,5583,0,116.0,360.0,1.0,Urban
LP001911,Y,0.9327643317765617,high,LP001911,Female,No,0,Graduate,No,2708,0,65.0,360.0,1.0,Rural
LP001921,Y,0.8979594910492253,high,LP001921,Male,No,1,Graduate,No,3180,2370,80.0,240.0,,Rural
LP001923,N,0.0033091934374766025,low,LP001923,Male,No,0,Not Graduate,No,2268,0,170.0,360.0,0.0,Semiurban
LP001933,N,0.003875425962430566,low,LP001933,Male,No,2,Not Graduate,No,1141,2017,120.0,360.0,0.0,Urban
LP001943,Y,0.9398213186580351,high,LP001943,Male,Yes,0,Graduate,No,3042,3167,135.0,360.0,1.0,Urban
LP001950,N,0.01060418592661103,low,LP001950,Female,Yes,3+,Graduate,,1750,2935,94.0,360.0,0.0,Semiurban
LP001959,Y,0.9497579523327483,high,LP001959,Female,Yes,1,Graduate,No,3564,0,79.0,360.0,1.0,Rural
LP001961,Y,0.9287142456523226,high,LP001961,Female,No,0,Graduate,No,3958,0,110.0,360.0,1.0,Rural
LP001973,Y,0.9042867145204604,high,LP001973,Male,Yes,2,Not Graduate,No,4483,0,130.0,360.0,1.0,Rural
LP001975,Y,0.9365755762621548,high,LP001975,Male,Yes,0,Graduate,No,5225,0,143.0,360.0,1.0,Rural
LP001979,N,0.0019488769596375344,low,LP001979,Male,No,0,Graduate,No,3017,2845,159.0,180.0,0.0,Urban
LP001995,N,0.00407539595036333,low,LP001995,Male,Yes,0,Not Graduate,No,2431,1820,110.0,360.0,0.0,Rural
LP001999,Y,0.8794859151894543,high,LP001999,Male,Yes,2,Graduate,,4912,4614,160.0,360.0,1.0,Rural
LP002007,Y,0.9027907710217457,high,LP002007,Male,Yes,2,Not Graduate,No,2500,3333,131.0,360.0,1.0,Urban
LP002009,Y,0.9330407251265929,high,LP002009,Female,No,0,Graduate,No,2918,0,65.0,360.0,,Rural
LP002016,Y,0.9429107588629698,high,LP002016,Male,Yes,2,Graduate,No,5128,0,143.0,360.0,1.0,Rural
LP002017,Y,0.9313778718033928,high,LP002017,Male,Yes,3+,Graduate,No,15312,0,187.0,360.0,,Urban
LP002018,Y,0.9569466212355897,high,LP002018,Male,Yes,2,Graduate,No,3958,2632,160.0,360.0,1.0,Semiurban
LP002027,Y,0.9483341265787962,high,LP002027,Male,Yes,0,Graduate,No,4334,2945,165.0,360.0,1.0,Semiurban
LP002028,Y,0.9532779778283712,high,LP002028,Male,Yes,2,Graduate,No,4358,0,110.0,360.0,1.0,Urban
LP002042,Y,0.9203911482009268,high,LP002042,Female,Yes,1,Graduate,No,4000,3917,173.0,360.0,1.0,Rural
LP002045,Y,0.9573084111626977,high,LP002045,Male,Yes,3+,Graduate,No,10166,750,150.0,,1.0,Urban
LP002046,Y,0.9164878213865043,high,LP002046,Male,Yes,0,Not Graduate,No,4483,0,135.0,360.0,,Semiurban
LP002047,Y,0.9362368606430844,high,LP002047,Male,Yes,2,Not Graduate,No,4521,1184,150.0,360.0,1.0,Semiurban
LP002056,Y,0.9566367187468056,high,LP002056,Male,Yes,2,Graduate,No,9167,0,235.0,360.0,1.0,Semiurban
LP002057,Y,0.862003413663125,high,LP002057,Male,Yes,0,Not Graduate,No,13083,0,,360.0,1.0,Rural
LP002059,Y,0.9438270923277738,high,LP002059,Male,Yes,2,Graduate,No,7874,3967,336.0,360.0,1.0,Rural
LP002062,Y,0.6007354851753534,medium,LP002062,Female,Yes,1,Graduate,No,4333,0,132.0,84.0,1.0,Rural
LP002064,Y,0.9332848323922497,high,LP002064,Male,No,0,Graduate,No,4083,0,96.0,360.0,1.0,Urban
LP002069,N,0.003764650074661773,low,LP002069,Male,Yes,2,Not Graduate,,3785,2912,180.0,360.0,0.0,Rural
LP002070,N,0.004857405465568909,low,LP002070,Male,Yes,3+,Not Graduate,No,2654,1998,128.0,360.0,0.0,Rural
LP002077,Y,0.9805386311500611,high,LP002077,Male,Yes,1,Graduate,No,10000,2690,412.0,360.0,1.0,Semiurban
LP002083,Y,0.9175117567612425,high,LP002083,Male,No,0,Graduate,Yes,5833,0,116.0,360.0,1.0,Urban
LP002090,N,0.008408503360083424,low,LP002090,Male,Yes,1,Graduate,No,4796,0,114.0,360.0,0.0,Semiurban
LP002096,Y,0.9077255441042449,high,LP002096,Male,Yes,0,Not Graduate,No,2000,1600,115.0,360.0,1.0,Rural
LP002099,N,0.009454942396529527,low,LP002099,Male,Yes,2,Graduate,No,2540,700,104.0,360.0,0.0,Urban
LP002102,Y,0.9360546594252672,high,LP002102,Male,Yes,0,Graduate,Yes,1900,1442,88.0,360.0,1.0,Rural
LP002105,Y,0.8678792262615648,high,LP002105,Male,Yes,0,Graduate,Yes,8706,0,108.0,480.0,1.0,Rural
LP002107,Y,0.9354244386621758,high,LP002107,Male,Yes,3+,Not Graduate,No,2855,542,90.0,360.0,1.0,Urban
LP002111,Y,0.9562995369367,high,LP002111,Male,Yes,,Graduate,No,3016,1300,100.0,360.0,,Urban
LP002117,Y,0.9607706583828196,high,LP002117,Female,Yes,0,Graduate,No,3159,2374,108.0,360.0,1.0,Semiurban
LP002118,Y,0.9537024510896114,high,LP002118,Female,No,0,Graduate,No,1937,1152,78.0,360.0,1.0,Semiurban
LP002123,Y,0.9536269782091605,high,LP002123,Male,Yes,0,Graduate,No,2613,2417,123.0,360.0,1.0,Semiurban
LP002125,Y,0.9554113165570562,high,LP002125,Male,Yes,1,Graduate,No,4960,2600,187.0,360.0,1.0,Semiurban
LP002148,Y,0.9592566476771897,high,LP002148,Male,Yes,1,Graduate,No,3074,1083,146.0,360.0,1.0,Semiurban
LP002152,Y,0.9431428715627828,high,LP002152,Female,No,0,Graduate,No,4213,0,80.0,360.0,1.0,Urban
LP002165,Y,0.8020464704411653,high,LP002165,,No,1,Not Graduate,No,2038,4027,100.0,360.0,1.0,Rural
LP002167,Y,0.9447436677472331,high,LP002167,Female,No,0,Graduate,No,2362,0,55.0,360.0,1.0,Urban
LP002168,N,0.005194987667111324,low,LP002168,Male,No,0,Graduate,No,5333,2400,200.0,360.0,0.0,Rural
LP002172,Y,0.9505575255179473,high,LP002172,Male,Yes,3+,Graduate,Yes,5384,0,150.0,360.0,1.0,Semiurban
LP002176,Y,0.9173468922597032,high,LP002176,Male,No,0,Graduate,No,5708,0,150.0,360.0,1.0,Rural
LP002183,Y,0.8580643401113661,high,LP002183,Male,Yes,0,Not Graduate,No,3754,3719,118.0,,1.0,Rural
LP002184,Y,0.9123809138920829,high,LP002184,Male,Yes,0,Not Graduate,No,2914,2130,150.0,300.0,1.0,Urban
LP002186,N,0.2738313966381411,low,LP002186,Male,Yes,0,Not Graduate,No,2747,2458,118.0,36.0,1.0,Semiurban
LP002192,Y,0.9446625362116049,high,LP002192,Male,Yes,0,Graduate,No,7830,2183,212.0,360.0,1.0,Rural
LP002195,Y,0.9216048764039588,high,LP002195,Male,Yes,1,Graduate,Yes,3507,3148,212.0,360.0,1.0,Rural
LP002208,Y,0.9551882592403722,high,LP002208,Male,Yes,1,Graduate,No,3747,2139,125.0,360.0,1.0,Urban
LP002212,Y,0.9524730767976337,high,LP002212,Male,Yes,0,Graduate,No,2166,2166,108.0,360.0,,Urban
LP002240,Y,0.9043356579675904,high,LP002240,Male,Yes,0,Not Graduate,No,3500,2168,149.0,360.0,1.0,Rural
LP002245,Y,0.8716327413993649,high,LP002245,Male,Yes,2,Not Graduate,No,2896,0,80.0,480.0,1.0,Urban
LP002253,Y,0.9243618176159293,high,LP002253,Female,No,1,Graduate,No,5062,0,152.0,300.0,1.0,Rural
LP002256,N,0.006383391969016166,low,LP002256,Female,No,2,Graduate,Yes,5184,0,187.0,360.0,0.0,Semiurban
LP002257,Y,0.942430271249543,high,LP002257,Female,No,0,Graduate,No,2545,0,74.0,360.0,1.0,Urban
LP002264,Y,0.9552084886512711,high,LP002264,Male,Yes,0,Graduate,No,2553,1768,102.0,360.0,1.0,Urban
LP002270,Y,0.9153811802721367,high,LP002270,Male,Yes,1,Graduate,No,3436,3809,100.0,360.0,1.0,Rural
LP002279,Y,0.9159664191290195,high,LP002279,Male,No,0,Graduate,No,2412,2755,130.0,360.0,1.0,Rural
LP002286,N,0.005200831470785776,low,LP002286,Male,Yes,3+,Not Graduate,No,5180,0,125.0,360.0,0.0,Urban
LP002294,N,6.720810173031955e-07,low,LP002294,Male,No,0,Graduate,No,14911,14507,130.0,360.0,1.0,Semiurban
LP002298,Y,0.9100718519922789,high,LP002298,,No,0,Graduate,Yes,2860,2988,138.0,360.0,1.0,Urban
LP002306,Y,0.8817949826242305,high,LP002306,Male,Yes,0,Graduate,No,1173,1594,28.0,180.0,1.0,Rural
LP002310,Y,0.9465970856014314,high,LP002310,Female,No,1,Graduate,No,7600,0,92.0,360.0,1.0,Semiurban
LP002311,Y,0.9602901772742816,high,LP002311,Female,Yes,0,Graduate,No,2157,1788,104.0,360.0,1.0,Urban
LP002316,N,0.005407914642899017,low,LP002316,Male,No,0,Graduate,No,2231,2774,176.0,360.0,0.0,Urban
LP002321,N,0.0019875566726255786,low,LP002321,Female,No,0,Graduate,No,2274,5211,117.0,360.0,0.0,Semiurban
LP002325,N,2.600320773325537e-06,low,LP002325,Male,Yes,2,Not Graduate,No,6166,13983,102.0,360.0,1.0,Rural
LP002326,Y,0.9359332299939184,high,LP002326,Male,Yes,2,Not Graduate,No,2513,1110,107.0,360.0,1.0,Semiurban
LP002329,Y,0.8941852852081335,high,LP002329,Male,No,0,Graduate,No,4333,0,66.0,480.0,1.0,Urban
LP002333,Y,0.8869925356670116,high,LP002333,Male,No,0,Not Graduate,No,3844,0,105.0,360.0,1.0,Urban
LP002339,N,0.009720491395776697,low,LP002339,Male,Yes,0,Graduate,No,3887,1517,105.0,360.0,0.0,Semiurban
LP002344,Y,0.9581488172441223,high,LP002344,Male,Yes,0,Graduate,No,3510,828,105.0,360.0,1.0,Semiurban
LP002346,N,0.007105238911386844,low,LP002346,Male,Yes,0,Graduate,,2539,1704,125.0,360.0,0.0,Rural
LP002354,Y,0.9104695134130817,high,LP002354,Female,No,0,Not Graduate,No,2107,0,64.0,360.0,1.0,Semiurban
LP002355,N,0.0025394770592186222,low,LP002355,,Yes,0,Graduate,No,3186,3145,150.0,180.0,0.0,Semiurban
LP002358,Y,0.9487284458106676,high,LP002358,Male,Yes,2,Graduate,Yes,5000,2166,150.0,360.0,1.0,Urban
LP002360,Y,0.941304630403135,high,LP002360,Male,Yes,,Graduate,No,10000,0,,360.0,1.0,Urban
LP002375,Y,0.9082574082007839,high,LP002375,Male,Yes,0,Not Graduate,Yes,3943,0,64.0,360.0,1.0,Semiurban
LP002376,Y,0.8252976108748212,high,LP002376,Male,No,0,Graduate,No,2925,0,40.0,180.0,1.0,Rural
LP002383,N,0.005579938579976698,low,LP002383,Male,Yes,3+,Graduate,No,3242,437,142.0,480.0,0.0,Urban
LP002385,Y,0.9504789423597502,high,LP002385,Male,Yes,,Graduate,No,3863,0,70.0,300.0,1.0,Semiurban
LP002389,Y,0.9456850703110616,high,LP002389,Female,No,1,Graduate,No,4028,0,131.0,360.0,1.0,Semiurban
LP002394,Y,0.9599293689387399,high,LP002394,Male,Yes,2,Graduate,No,4010,1025,120.0,360.0,1.0,Urban
LP002397,Y,0.9630154825102019,high,LP002397,Female,Yes,1,Graduate,No,3719,1585,114.0,360.0,1.0,Urban
LP002399,N,0.004536724562455212,low,LP002399,Male,No,0,Graduate,,2858,0,123.0,360.0,0.0,Rural
LP002400,Y,0.9465779419969474,high,LP002400,Female,Yes,0,Graduate,No,3833,0,92.0,360.0,1.0,Rural
LP002402,Y,0.90425901045621,high,LP002402,Male,Yes,0,Graduate,No,3333,4288,160.0,360.0,1.0,Urban
LP002412,Y,0.9115081415584616,high,LP002412,Male,Yes,0,Graduate,No,3007,3725,151.0,360.0,1.0,Rural
LP002415,Y,0.8601197172624151,high,LP002415,Female,No,1,Graduate,,1850,4583,81.0,360.0,,Rural
LP002417,Y,0.9322853967739771,high,LP002417,Male,Yes,3+,Not Graduate,No,2792,2619,171.0,360.0,1.0,Semiurban
LP002420,Y,0.9586579748674586,high,LP002420,Male,Yes,0,Graduate,No,2982,1550,110.0,360.0,1.0,Semiurban
LP002425,Y,0.9294922532309472,high,LP002425,Male,No,0,Graduate,No,3417,738,100.0,360.0,,Rural
LP002433,Y,0.8740546176345192,high,LP002433,Male,Yes,1,Graduate,No,18840,0,234.0,360.0,1.0,Rural
LP002440,Y,0.9516893488126653,high,LP002440,Male,Yes,2,Graduate,No,2995,1120,184.0,360.0,1.0,Rural
LP002441,Y,0.9238847236858531,high,LP002441,Male,No,,Graduate,No,3579,3308,138.0,360.0,,Semiurban
LP002442,N,0.003502040177897291,low,LP002442,Female,Yes,1,Not Graduate,No,3835,1400,112.0,480.0,0.0,Urban
LP002445,Y,0.8538078451152331,high,LP002445,Female,No,1,Not Graduate,No,3854,3575,117.0,360.0,1.0,Rural
LP002450,N,0.009101148114178594,low,LP002450,Male,Yes,2,Graduate,No,5833,750,49.0,360.0,0.0,Rural
LP002471,Y,0.9195523964241642,high,LP002471,Male,No,0,Graduate,No,3508,0,99.0,360.0,1.0,Rural
LP002476,Y,0.9386749653265943,high,LP002476,Female,Yes,3+,Not Graduate,No,1635,2444,99.0,360.0,1.0,Urban
LP002482,Y,0.8762842989282456,high,LP002482,Female,No,0,Graduate,Yes,3333,3916,212.0,360.0,1.0,Rural
LP002485,Y,0.7285902545257864,high,LP002485,Male,No,1,Graduate,No,24797,0,240.0,360.0,1.0,Semiurban
LP002495,N,0.009785242960581121,low,LP002495,Male,Yes,2,Graduate,No,5667,440,130.0,360.0,0.0,Semiurban
LP002496,N,0.007103708510753054,low,LP002496,Female,No,0,Graduate,No,3500,0,94.0,360.0,0.0,Semiurban
LP002523,Y,0.9660570804528177,high,LP002523,Male,Yes,3+,Graduate,No,2773,1497,108.0,360.0,1.0,Semiurban
LP002542,Y,0.9464853528298379,high,LP002542,Male,Yes,0,Graduate,,6500,0,144.0,360.0,1.0,Urban
LP002550,Y,0.8606238162615392,high,LP002550,Female,No,0,Graduate,No,5769,0,110.0,180.0,1.0,Semiurban
LP002551,N,0.006533728920297052,low,LP002551,Male,Yes,3+,Not Graduate,,3634,910,176.0,360.0,0.0,Semiurban
LP002553,N,0.48363150630777535,low,LP002553,,No,0,Graduate,No,29167,0,185.0,360.0,1.0,Semiurban
LP002554,Y,0.9420913854893598,high,LP002554,Male,No,0,Graduate,No,2166,2057,122.0,360.0,1.0,Semiurban
LP002561,Y,0.9370444865671688,high,LP002561,Male,Yes,0,Graduate,No,5000,0,126.0,360.0,1.0,Rural
LP002566,Y,0.9394468208914156,high,LP002566,Female,No,0,Graduate,No,5530,0,135.0,360.0,,Urban
LP002568,Y,0.8561565936729473,high,LP002568,Male,No,0,Not Graduate,No,9000,0,122.0,360.0,1.0,Rural
LP002570,N,0.003777037867308979,low,LP002570,Female,Yes,2,Graduate,No,10000,11666,460.0,360.0,1.0,Urban
LP002572,Y,0.960063919718707,high,LP002572,Male,Yes,1,Graduate,,8750,0,297.0,360.0,1.0,Urban
LP002581,Y,0.8913658543094075,high,LP002581,Male,Yes,0,Not Graduate,No,2157,2730,140.0,360.0,,Rural
LP002584,Y,0.8500476400698406,high,LP002584,Male,No,0,Graduate,,1972,4347,106.0,360.0,1.0,Rural
LP002592,Y,0.9309106419595853,high,LP002592,Male,No,0,Graduate,No,4983,0,141.0,360.0,1.0,Urban
LP002593,Y,0.9177338477420769,high,LP002593,Male,Yes,1,Graduate,No,8333,4000,,360.0,1.0,Urban
LP002599,Y,0.957041909355078,high,LP002599,Male,Yes,0,Graduate,No,3667,2000,170.0,360.0,1.0,Semiurban
LP002604,Y,0.9508943690065654,high,LP002604,Male,Yes,2,Graduate,No,3166,2833,145.0,360.0,1.0,Urban
LP002605,Y,0.8681835373788717,high,LP002605,Male,No,0,Not Graduate,No,3271,0,90.0,360.0,1.0,Rural
LP002609,N,0.009995556754674739,low,LP002609,Female,Yes,0,Graduate,No,2241,2000,88.0,360.0,0.0,Urban
LP002610,Y,0.9148178143825887,high,LP002610,Male,Yes,1,Not Graduate,,1792,2565,128.0,360.0,1.0,Urban
LP002612,Y,0.9286841830128734,high,LP002612,Female,Yes,0,Graduate,No,2666,0,84.0,480.0,1.0,Semiurban
LP002614,Y,0.9363909946866968,high,LP002614,,No,0,Graduate,No,6478,0,108.0,360.0,1.0,Semiurban
LP002630,Y,0.8705357614416682,high,LP002630,Male,No,0,Not Graduate,,3808,0,83.0,360.0,1.0,Rural
LP002635,Y,0.9342291916706276,high,LP002635,Female,Yes,2,Not Graduate,No,3729,0,117.0,360.0,1.0,Semiurban
LP002639,Y,0.9430444436298207,high,LP002639,Male,Yes,2,Graduate,No,4120,0,128.0,360.0,1.0,Rural
LP002644,Y,0.9413322698050596,high,LP002644,Male,Yes,1,Graduate,Yes,7500,0,75.0,360.0,1.0,Urban
LP002651,N,0.007684372789166134,low,LP002651,Male,Yes,1,Graduate,,6300,0,125.0,360.0,0.0,Urban
LP002654,Y,0.86833796056678,high,LP002654,Female,No,,Graduate,Yes,14987,0,177.0,360.0,1.0,Rural
LP002657,Y,0.8916197782508154,high,LP002657,,Yes,1,Not Graduate,Yes,570,2125,68.0,360.0,1.0,Rural
LP002711,Y,0.9573649189325376,high,LP002711,Male,Yes,0,Graduate,No,2600,700,96.0,360.0,1.0,Semiurban
LP002712,Y,0.9159350366345583,high,LP002712,Male,No,2,Not Graduate,No,2733,1083,180.0,360.0,,Semiurban
LP002721,Y,0.9299845888631999,high,LP002721,Male,Yes,2,Graduate,Yes,7500,0,183.0,360.0,1.0,Rural
LP002735,Y,0.9044076887451384,high,LP002735,Male,Yes,2,Not Graduate,No,3859,0,121.0,360.0,1.0,Rural
LP002744,Y,0.9383234425853355,high,LP002744,Male,Yes,1,Graduate,No,6825,0,162.0,360.0,1.0,Rural
LP002745,Y,0.8890084689401768,high,LP002745,Male,Yes,0,Graduate,No,3708,4700,132.0,360.0,1.0,Semiurban
LP002746,Y,0.9308197428950462,high,LP002746,Male,No,0,Graduate,No,5314,0,147.0,360.0,1.0,Urban
LP002747,N,0.0017672054296004724,low,LP002747,Female,No,3+,Graduate,No,2366,5272,153.0,360.0,0.0,Rural
LP002754,Y,0.5637849219025344,medium,LP002754,Male,No,,Graduate,No,2066,2108,104.0,84.0,1.0,Urban
LP002759,Y,0.9428750550871017,high,LP002759,Male,Yes,2,Graduate,No,5000,0,149.0,360.0,1.0,Rural
LP002760,Y,0.9337925138798223,high,LP002760,Female,No,0,Graduate,No,3767,0,134.0,300.0,1.0,Urban
LP002766,Y,0.9010734334953504,high,LP002766,Female,Yes,0,Graduate,No,7859,879,165.0,180.0,1.0,Semiurban
LP002769,Y,0.9449273175157515,high,LP002769,Female,Yes,0,Graduate,No,4283,0,120.0,360.0,1.0,Rural
LP002774,N,0.004265006331440934,low,LP002774,Male,Yes,0,Not Graduate,No,1700,2900,67.0,360.0,0.0,Urban
LP002775,Y,0.8647720342338353,high,LP002775,,No,0,Not Graduate,No,4768,0,125.0,360.0,1.0,Rural
LP002781,Y,0.9312287353370136,high,LP002781,Male,No,0,Graduate,No,3083,2738,120.0,360.0,1.0,Urban
LP002782,Y,0.947499595509637,high,LP002782,Male,Yes,1,Graduate,No,2667,1542,148.0,360.0,1.0,Rural
LP002786,Y,0.9304216284508183,high,LP002786,Female,Yes,0,Not Graduate,No,1647,1762,181.0,360.0,1.0,Urban
LP002790,Y,0.7855996994541453,high,LP002790,Male,Yes,3+,Graduate,No,3400,0,80.0,120.0,1.0,Urban
LP002791,Y,0.7779039171976496,high,LP002791,Male,No,1,Graduate,,16000,5000,40.0,360.0,1.0,Semiurban
LP002793,Y,0.9396004583558177,high,LP002793,Male,Yes,0,Graduate,No,5333,0,90.0,360.0,1.0,Rural
LP002802,N,0.00010855406215359269,low,LP002802,Male,No,0,Graduate,No,2875,2416,95.0,6.0,0.0,Semiurban
LP002803,Y,0.927543697390554,high,LP002803,Male,Yes,1,Not Graduate,,2600,618,122.0,360.0,1.0,Semiurban
LP002805,Y,0.9583076323300893,high,LP002805,Male,Yes,2,Graduate,No,5041,700,150.0,360.0,1.0,Urban
LP002806,Y,0.9459125940109455,high,LP002806,Male,Yes,3+,Graduate,Yes,6958,1411,150.0,360.0,1.0,Rural
LP002816,Y,0.9607956063529459,high,LP002816,Male,Yes,1,Graduate,No,3500,1658,104.0,360.0,,Semiurban
LP002823,Y,0.9365223749977049,high,LP002823,Male,Yes,0,Graduate,No,5509,0,143.0,360.0,1.0,Rural
LP002825,Y,0.9650144406462481,high,LP002825,Male,Yes,3+,Graduate,No,9699,0,300.0,360.0,1.0,Urban
LP002826,Y,0.9253229361878831,high,LP002826,Female,Yes,1,Not Graduate,No,3621,2717,171.0,360.0,1.0,Urban
LP002843,Y,0.9575367011127082,high,LP002843,Female,Yes,0,Graduate,No,4709,0,113.0,360.0,1.0,Semiurban
LP002849,Y,0.9626212800890406,high,LP002849,Male,Yes,0,Graduate,No,1516,1951,35.0,360.0,1.0,Semiurban
LP002850,Y,0.9447010143431706,high,LP002850,Male,No,2,Graduate,No,2400,0,46.0,360.0,1.0,Urban
LP002853,Y,0.9096090998692021,high,LP002853,Female,No,0,Not Graduate,No,3015,2000,145.0,360.0,,Urban
LP002856,Y,0.9545551439263026,high,LP002856,Male,Yes,0,Graduate,No,2292,1558,119.0,360.0,1.0,Urban
LP002857,Y,0.8745188703006681,high,LP002857,Male,Yes,1,Graduate,Yes,2360,3355,87.0,240.0,1.0,Rural
LP002858,N,0.0058298766836506494,low,LP002858,Female,No,0,Graduate,No,4333,2333,162.0,360.0,0.0,Rural
LP002860,Y,0.6823322106743767,medium,LP002860,Male,Yes,0,Graduate,Yes,2623,4831,122.0,180.0,1.0,Semiurban
LP002867,Y,0.832272757772226,high,LP002867,Male,No,0,Graduate,Yes,3972,4275,187.0,360.0,1.0,Rural
LP002869,Y,0.7990712687382253,high,LP002869,Male,Yes,3+,Not Graduate,No,3522,0,81.0,180.0,1.0,Rural
LP002870,Y,0.9524630031047606,high,LP002870,Male,Yes,1,Graduate,No,4700,0,80.0,360.0,1.0,Urban
LP002876,Y,0.9170752050543772,high,LP002876,Male,No,0,Graduate,No,6858,0,176.0,360.0,1.0,Rural
LP002878,Y,0.961397572733053,high,LP002878,Male,Yes,3+,Graduate,No,8334,0,260.0,360.0,1.0,Urban
LP002879,N,0.007029469539991792,low,LP002879,Male,Yes,0,Graduate,No,3391,1966,133.0,360.0,0.0,Rural
LP002885,Y,0.8918147235684123,high,LP002885,Male,No,0,Not Graduate,No,2868,0,70.0,360.0,1.0,Urban
LP002890,Y,0.9314623615175728,high,LP002890,Male,Yes,2,Not Graduate,No,3418,1380,135.0,360.0,1.0,Urban
LP002891,Y,0.9199007345238075,high,LP002891,Male,Yes,0,Graduate,Yes,2500,296,137.0,300.0,1.0,Rural
LP002899,Y,0.9478982132061611,high,LP002899,Male,Yes,2,Graduate,No,8667,0,254.0,360.0,1.0,Rural
LP002901,N,2.263956332035471e-07,low,LP002901,Male,No,0,Graduate,No,2283,15000,106.0,360.0,,Rural
LP002907,Y,0.9555775556481003,high,LP002907,Male,Yes,0,Graduate,No,5817,910,109.0,360.0,1.0,Urban
LP002920,Y,0.9125196639775708,high,LP002920,Male,Yes,0,Graduate,No,5119,3769,120.0,360.0,1.0,Rural
LP002921,N,0.002117132945459063,low,LP002921,Male,Yes,3+,Not Graduate,No,5316,187,158.0,180.0,0.0,Semiurban
LP002932,Y,0.9634814197320283,high,LP002932,Male,Yes,3+,Graduate,No,7603,1213,197.0,360.0,1.0,Urban
LP002935,Y,0.9584513301235361,high,LP002935,Male,Yes,1,Graduate,No,3791,1936,85.0,360.0,1.0,Urban
LP002952,Y,0.9363530425827177,high,LP002952,Male,No,0,Graduate,No,2500,0,60.0,360.0,1.0,Urban
LP002954,Y,0.909286745979247,high,LP002954,Male,Yes,2,Not Graduate,No,3132,0,76.0,360.0,,Rural
LP002962,Y,0.9368540237314215,high,LP002962,Male,No,0,Graduate,No,4000,2667,152.0,360.0,1.0,Semiurban
LP002965,Y,0.916868034794902,high,LP002965,Female,Yes,0,Graduate,No,8550,4255,96.0,360.0,,Urban
LP002969,Y,0.9581001711227477,high,LP002969,Male,Yes,1,Graduate,No,2269,2167,99.0,360.0,1.0,Semiurban
LP002971,Y,0.9247063183491633,high,LP002971,Male,Yes,3+,Not Graduate,Yes,4009,1777,113.0,360.0,1.0,Urban
LP002975,Y,0.9542876443035154,high,LP002975,Male,Yes,0,Graduate,No,4158,709,115.0,360.0,1.0,Urban
LP002980,Y,0.9436352544710526,high,LP002980,Male,No,0,Graduate,No,3250,1993,126.0,360.0,,Semiurban
LP002986,Y,0.9416981129943331,high,LP002986,Male,Yes,0,Graduate,No,5000,2393,158.0,360.0,1.0,Rural
LP002989,Y,0.7592115073599864,high,LP002989,Male,No,0,Graduate,Yes,9200,0,98.0,180.0,1.0,Rural
